Workbook

Sheet Sheet4
F5: CENTRAL BOARD OF SECONDARY EDUCATION
F6: SECONDARY SCHOOL EXAMINATION,2026
G8: REPORT CARD
D11: Roll No | E11: 109 | I11: =_xlfn.XLOOKUP(E11,Sheet3!B1:B11,Sheet3!N1:N11) -> #VALUE!
D12: Name | E12: =_xlfn.XLOOKUP(E11,Sheet3!B1:B11,Sheet3!C1:C11) -> Vedik Singh
D13: Father Name | E13: =_xlfn.XLOOKUP(E11,Sheet3!B1:B11,Sheet3!D1:D11) -> Yogesh Singh
D14: Mother Name | E14: =_xlfn.XLOOKUP(E11,Sheet3!B1:B11,Sheet3!E1:E11) -> Sunanda Singh
D15: Class | E15: 12th
D16: Date Of Birth | E16: =_xlfn.XLOOKUP('student reports'!B7,Sheet3!B1:B11,Sheet3!F1:F11) -> 39596
E19: SUBJECT | F19: TOTAL MARKS | G19: OBTAIN MARKS | H19: PASSING MARKS | I19: PASS/FAIL
E20: HINDI | F20: 100 | G20: =_xlfn.XLOOKUP(E11,Sheet3!B1:B11,Sheet3!G1:G11) -> 79 | H20: 35 | I20: =IF(G20>35,"PASS","FAIL") -> PASS
E21: ENGLISH | F21: 100 | G21: =_xlfn.XLOOKUP(E11,Sheet3!B1:B11,Sheet3!J1:J11) -> 86 | H21: 35 | I21: =IF(G21>35,"PASS","FAIL") -> PASS
E22: MATHS | F22: 100 | G22: =_xlfn.XLOOKUP(E11,Sheet3!B1:B11,Sheet3!K1:K11) -> 52 | H22: 35 | I22: =IF(G22>35,"PASS","FAIL") -> PASS
E23: PHYSICS | F23: 100 | G23: =_xlfn.XLOOKUP(E11,Sheet3!B1:B11,Sheet3!H1:H11) -> 92 | H23: 35 | I23: =IF(G23>35,"PASS","FAIL") -> PASS
E24: CHEMISTRY | F24: 100 | G24: =_xlfn.XLOOKUP(E11,Sheet3!B1:B11,Sheet3!I1:I11) -> 54 | H24: 35 | I24: =IF(G24>35,"PASS","FAIL") -> PASS
E27: PASS/FAIL | F27: =IF(Sheet3!M2>=35,"PASS","FAIL") -> PASS | H27: TOTAL MARKS | I27: 500
E28: GRADE | F28: {=_xlfn.IFS(I29>90%,"A",I29>75%,"B",I29>55%,"D",I29>=35%,"D",I29<35%,"E")} -> D | H28: OBTAIN MARKS | I28: =_xlfn.XLOOKUP('student reports'!B7,Sheet3!B1:B11,Sheet3!L1:L11) -> 414
H29: PERCENTAGE | I29: =AVERAGE(G20:G24)/100 -> 0.726
J36: Usongira
D37: Date :- | E37: 46246 | J37: Controller of Examination
D38: session | E38: 2025-26

Sheet student reports
B1: CENTRAL BOARD OF SECONDARY EDUCATION
C2: SECONDARY SCHOOL EXAMINATION,2026
D4: REPORT CARD
A7: Roll No | B7: 105
A8: Name | B8: =_xlfn.XLOOKUP(B7,Sheet3!B1:B11,Sheet3!C1:C11) -> Jiya Mali
A9: Father Name | B9: =_xlfn.XLOOKUP(B7,Sheet3!B1:B11,Sheet3!D1:D11) -> Lakhan Mali
A10: Mother Name | B10: =_xlfn.XLOOKUP(B7,Sheet3!B1:B11,Sheet3!E1:E11) -> Nisha Mali
A11: Class | B11: 12th
A12: Date Of Birth | B12: =_xlfn.XLOOKUP('student reports'!B7,Sheet3!B1:B11,Sheet3!F1:F11) -> 39596
B15: SUBJECT | C15: TOTAL MARKS | D15: OBTAIN MARKS | E15: PASSING MARKS | F15: PASS/FAIL
B16: HINDI | C16: 100 | D16: =_xlfn.XLOOKUP(B7,Sheet3!B1:B11,Sheet3!G1:G11) -> 99 | E16: 35 | F16: =IF(D16>35,"PASS","FAIL") -> PASS
B17: ENGLISH | C17: 100 | D17: =_xlfn.XLOOKUP(B7,Sheet3!B1:B11,Sheet3!J1:J11) -> 53 | E17: 35 | F17: =IF(D17>35,"PASS","FAIL") -> PASS
B18: MATHS | C18: 100 | D18: =_xlfn.XLOOKUP(B7,Sheet3!B1:B11,Sheet3!K1:K11) -> 79 | E18: 35 | F18: =IF(D18>35,"PASS","FAIL") -> PASS
B19: PHYSICS | C19: 100 | D19: =_xlfn.XLOOKUP(B7,Sheet3!B1:B11,Sheet3!H1:H11) -> 91 | E19: 35 | F19: =IF(D19>35,"PASS","FAIL") -> PASS
B20: CHEMISTRY | C20: 100 | D20: =_xlfn.XLOOKUP(B7,Sheet3!B1:B11,Sheet3!I1:I11) -> 92 | E20: 35 | F20: =IF(D20>35,"PASS","FAIL") -> PASS
B23: PASS/FAIL | C23: =IF(Sheet3!M2>=35,"PASS","FAIL") -> PASS | E23: TOTAL MARKS | F23: 500
B24: GRADE | C24: {=_xlfn.IFS(F25>90%,"A",F25>75%,"B",F25>55%,"D",F25>=35%,"D",F25<35%,"E")} -> B | E24: OBTAIN MARKS | F24: =_xlfn.XLOOKUP('student reports'!B7,Sheet3!B1:B11,Sheet3!L1:L11) -> 414
E25: PERCENTAGE | F25: =AVERAGE(D16:D20)/100 -> 0.828

Sheet Sheet3
A1: S. no | B1: Roll No | C1: Name | D1: Father's Name | E1: Mother's Name | F1: Date Of Birth | G1: Hindi | H1: Physics | I1: Chemistry | J1: English | K1: Maths | L1: Total Marks | M1: AVG | N1: IMAGE
A2: {=_xlfn.SEQUENCE(10)} -> 1 | B2: 101 | C2: Anvee Yadav | D2: Ram Yadav | E2: Siya Yadav | F2: 39186 | G2: 34 | H2: 56 | I2: 35 | J2: 65 | K2: 33 | L2: =SUM(G2:K2) -> 223 | M2: =AVERAGE(G2:K2) -> 44.6 | N2: #VALUE!
A3: 2 | B3: 102 | C3: Bhumika Sharma | D3: Hemant Sharma | E3: Neha Sharma | F3: 38910 | G3: 26 | H3: 48 | I3: 94 | J3: 64 | K3: 32 | L3: =SUM(G3:K3) -> 264 | M3: =AVERAGE(G3:K3) -> 52.8 | N3: #VALUE!
A4: 3 | B4: 103 | C4: Depika Soni | D4: Suresh Soni | E4: Maya Soni | F4: 38441 | G4: 64 | H4: 82 | I4: 95 | J4: 71 | K4: 69 | L4: =SUM(G4:K4) -> 381 | M4: =AVERAGE(G4:K4) -> 76.2 | N4: #VALUE!
A5: 4 | B5: 104 | C5: Heena Singh | D5: Mohan Singh | E5: Rani Singh | F5: 39312 | G5: 50 | H5: 40 | I5: 55 | J5: 57 | K5: 41 | L5: =SUM(G5:K5) -> 243 | M5: =AVERAGE(G5:K5) -> 48.6 | N5: #VALUE!
A6: 5 | B6: 105 | C6: Jiya Mali | D6: Lakhan Mali | E6: Nisha Mali | F6: 39596 | G6: 99 | H6: 91 | I6: 92 | J6: 53 | K6: 79 | L6: =SUM(G6:K6) -> 414 | M6: =AVERAGE(G6:K6) -> 82.8 | N6: #VALUE!
A7: 6 | B7: 106 | C7: Maya Sharma | D7: Aditya Sharma | E7: Aditi Sharma | F7: 39365 | G7: 38 | H7: 75 | I7: 59 | J7: 60 | K7: 58 | L7: =SUM(G7:K7) -> 290 | M7: =AVERAGE(G7:K7) -> 58 | N7: #VALUE!
A8: 7 | B8: 107 | C8: Naina Joshi | D8: Yash Joshi | E8: Isha Joshi | F8: 38429 | G8: 30 | H8: 29 | I8: 34 | J8: 89 | K8: 68 | L8: =SUM(G8:K8) -> 250 | M8: =AVERAGE(G8:K8) -> 50 | N8: #VALUE!
A9: 8 | B9: 108 | C9: Usha Rajput | D9: Yuvraj Rajput | E9: Lali Rajput | F9: 39324 | G9: 96 | H9: 55 | I9: 46 | J9: 30 | K9: 79 | L9: =SUM(G9:K9) -> 306 | M9: =AVERAGE(G9:K9) -> 61.2 | N9: #VALUE!
A10: 9 | B10: 109 | C10: Vedik Singh | D10: Yogesh Singh | E10: Sunanda Singh | F10: 39592 | G10: 79 | H10: 92 | I10: 54 | J10: 86 | K10: 52 | L10: =SUM(G10:K10) -> 363 | M10: =AVERAGE(G10:K10) -> 72.6 | N10: #VALUE!
A11: 10 | B11: 110 | C11: Yashi Thakur | D11: Naitik Thakur | E11: Akshara Thakur | F11: 39368 | G11: 40 | H11: 62 | I11: 57 | J11: 69 | K11: 59 | L11: =SUM(G11:K11) -> 287 | M11: =AVERAGE(G11:K11) -> 57.4 | N11: #VALUE!
